[
	{
		"CountryIsoAlpha2Code": "US",
		"CountryIsoAlpha3Code": "USA",
		"CountryName": "United States",
		"ProvinceName": "Arizona",
		"InstitutionID": "bbe18530-86da-4e7e-a47d-54cca6094a26",
		"OrganizationName": "Maricopa Unified School District 20",
		"SubsectorCode": "education_k_12",
		"ProvinceCode": "AZ",
		"AllowUnauthenticatedBrowsing": true,
		"FriendlyWebStoreUrl": "http://tcpn.arizona.onthehub.com",
		"ProductMajorVersions": null,
		"WebStoreID": "a398b76b-aefc-db11-b8b4-0030485a6b08",
		"WebStoreName": "The Cooperative Purchasing Network - Arizona",
		"WebStoreUrl": "https://e5.onthehub.com/WebStore/Welcome.aspx?ws=a398b76b-aefc-db11-b8b4-0030485a6b08"
	},
	{
		"CountryIsoAlpha2Code": "US",
		"CountryIsoAlpha3Code": "USA",
		"CountryName": "United States",
		"ProvinceName": "Arizona",
		"InstitutionID": "c1bd84e4-41b9-e111-ad8d-f04da23e67f6",
		"OrganizationName": "Maricopa Unified School District 20",
		"SubsectorCode": "education_k_12",
		"ProvinceCode": "AZ",
		"AllowUnauthenticatedBrowsing": true,
		"FriendlyWebStoreUrl": null,
		"ProductMajorVersions": null,
		"WebStoreID": "d6e5fd96-48b9-e111-ad8d-f04da23e67f6",
		"WebStoreName": "Elementary and High School Teacher Discounts on Microsoft Office and Windows",
		"WebStoreUrl": "https://e5.onthehub.com/WebStore/Welcome.aspx?ws=d6e5fd96-48b9-e111-ad8d-f04da23e67f6"
	}
]