[
	{
		"CountryIsoAlpha2Code": "US",
		"CountryIsoAlpha3Code": "USA",
		"CountryName": "United States",
		"ProvinceName": "Arizona",
		"InstitutionID": "fc428c80-a7df-db11-9b6e-0010c6cb78ad",
		"OrganizationName": "Maricopa Community College System Office",
		"SubsectorCode": "education_college_university",
		"ProvinceCode": "AZ",
		"AllowUnauthenticatedBrowsing": true,
		"FriendlyWebStoreUrl": "http://riosalado.onthehub.com/",
		"ProductMajorVersions": null,
		"WebStoreID": "02cce61b-16e6-dc11-8873-0030485a6b08",
		"WebStoreName": "Rio Salado College",
		"WebStoreUrl": "https://e5.onthehub.com/WebStore/Welcome.aspx?ws=02cce61b-16e6-dc11-8873-0030485a6b08"
	},
	{
		"CountryIsoAlpha2Code": "US",
		"CountryIsoAlpha3Code": "USA",
		"CountryName": "United States",
		"ProvinceName": "Arizona",
		"InstitutionID": "5606100a-e176-e111-a407-f04da23e67f6",
		"OrganizationName": "Maricopa Community College System Office",
		"SubsectorCode": "education_college_university",
		"ProvinceCode": "AZ",
		"AllowUnauthenticatedBrowsing": true,
		"FriendlyWebStoreUrl": null,
		"ProductMajorVersions": null,
		"WebStoreID": "0c2cda19-c327-e411-9403-b8ca3a5db7a1",
		"WebStoreName": "Maricopa Community Colleges",
		"WebStoreUrl": "https://e5.onthehub.com/WebStore/Welcome.aspx?ws=0c2cda19-c327-e411-9403-b8ca3a5db7a1"
	}
]