[
	{
		"CountryIsoAlpha2Code": "US",
		"CountryIsoAlpha3Code": "USA",
		"CountryName": "United States",
		"ProvinceName": "Arizona",
		"InstitutionID": "7789285a-e46e-e211-bf66-f04da23e67f4",
		"OrganizationName": "Pima Community College District",
		"SubsectorCode": "education_college_university",
		"ProvinceCode": "AZ",
		"AllowUnauthenticatedBrowsing": true,
		"FriendlyWebStoreUrl": "http://pima.ela.onthehub.com",
		"ProductMajorVersions": null,
		"WebStoreID": "46024d7b-8474-e211-bf66-f04da23e67f4",
		"WebStoreName": "Pima County Community College",
		"WebStoreUrl": "https://e5.onthehub.com/WebStore/Welcome.aspx?ws=46024d7b-8474-e211-bf66-f04da23e67f4"
	}
]