[
	{
		"CountryIsoAlpha2Code": "US",
		"CountryIsoAlpha3Code": "USA",
		"CountryName": "United States",
		"ProvinceName": "Arizona",
		"InstitutionID": "7987e250-203a-e611-941d-b8ca3a5db7a1",
		"OrganizationName": "Mohave Accelerated Learning Center - Bullhead City - Campus Store",
		"SubsectorCode": "education_k_12",
		"ProvinceCode": "AZ",
		"AllowUnauthenticatedBrowsing": true,
		"FriendlyWebStoreUrl": null,
		"ProductMajorVersions": null,
		"WebStoreID": "9887e250-203a-e611-941d-b8ca3a5db7a1",
		"WebStoreName": "Mohave Accelerated Learning Center - Bullhead City",
		"WebStoreUrl": "https://e5.onthehub.com/WebStore/Welcome.aspx?ws=9887e250-203a-e611-941d-b8ca3a5db7a1"
	}
]