[
	{
		"CountryIsoAlpha2Code": "US",
		"CountryIsoAlpha3Code": "USA",
		"CountryName": "United States",
		"ProvinceName": "Arizona",
		"InstitutionID": "a5398c80-a7df-db11-9b6e-0010c6cb78ad",
		"OrganizationName": "Northern Arizona University",
		"SubsectorCode": "education_college_university",
		"ProvinceCode": "AZ",
		"AllowUnauthenticatedBrowsing": true,
		"FriendlyWebStoreUrl": null,
		"ProductMajorVersions": null,
		"WebStoreID": "17f1915d-6639-ea11-8126-000d3af41938",
		"WebStoreName": "Northern Arizona University",
		"WebStoreUrl": "https://e5.onthehub.com/WebStore/Welcome.aspx?ws=17f1915d-6639-ea11-8126-000d3af41938"
	},
	{
		"CountryIsoAlpha2Code": "US",
		"CountryIsoAlpha3Code": "USA",
		"CountryName": "United States",
		"ProvinceName": "Arizona",
		"InstitutionID": "62191515-ffb8-de11-886d-0030487d8897",
		"OrganizationName": "Northern Arizona University",
		"SubsectorCode": "education_college_university",
		"ProvinceCode": "AZ",
		"AllowUnauthenticatedBrowsing": false,
		"FriendlyWebStoreUrl": null,
		"ProductMajorVersions": null,
		"WebStoreID": "78191515-ffb8-de11-886d-0030487d8897",
		"WebStoreName": "NAU - CEFNS IT",
		"WebStoreUrl": "https://e5.onthehub.com/WebStore/Welcome.aspx?ws=78191515-ffb8-de11-886d-0030487d8897"
	},
	{
		"CountryIsoAlpha2Code": "US",
		"CountryIsoAlpha3Code": "USA",
		"CountryName": "United States",
		"ProvinceName": "Arizona",
		"InstitutionID": "04636142-7ea5-e411-9408-b8ca3a5db7a1",
		"OrganizationName": "Northern Arizona University",
		"SubsectorCode": "education_college_university",
		"ProvinceCode": "AZ",
		"AllowUnauthenticatedBrowsing": true,
		"FriendlyWebStoreUrl": null,
		"ProductMajorVersions": null,
		"WebStoreID": "1f636142-7ea5-e411-9408-b8ca3a5db7a1",
		"WebStoreName": "Northern Arizona University - Business and Administration",
		"WebStoreUrl": "https://e5.onthehub.com/WebStore/Welcome.aspx?ws=1f636142-7ea5-e411-9408-b8ca3a5db7a1"
	},
	{
		"CountryIsoAlpha2Code": "US",
		"CountryIsoAlpha3Code": "USA",
		"CountryName": "United States",
		"ProvinceName": "Arizona",
		"InstitutionID": "fdd7930a-86ad-e411-9408-b8ca3a5db7a1",
		"OrganizationName": "Northern Arizona University",
		"SubsectorCode": "education_college_university",
		"ProvinceCode": "AZ",
		"AllowUnauthenticatedBrowsing": true,
		"FriendlyWebStoreUrl": "https://pl-nau-dsp.onthehub.com/",
		"ProductMajorVersions": null,
		"WebStoreID": "0bd8930a-86ad-e411-9408-b8ca3a5db7a1",
		"WebStoreName": "Northern Arizona University - Personalized Learning",
		"WebStoreUrl": "https://e5.onthehub.com/WebStore/Welcome.aspx?ws=0bd8930a-86ad-e411-9408-b8ca3a5db7a1"
	},
	{
		"CountryIsoAlpha2Code": "US",
		"CountryIsoAlpha3Code": "USA",
		"CountryName": "United States",
		"ProvinceName": "Arizona",
		"InstitutionID": "e1465ff8-0ba8-e511-9413-b8ca3a5db7a1",
		"OrganizationName": "Northern Arizona University",
		"SubsectorCode": "education_college_university",
		"ProvinceCode": "AZ",
		"AllowUnauthenticatedBrowsing": true,
		"FriendlyWebStoreUrl": null,
		"ProductMajorVersions": null,
		"WebStoreID": "e3c2bd04-0ca8-e511-9413-b8ca3a5db7a1",
		"WebStoreName": "Northern Arizona University",
		"WebStoreUrl": "https://e5.onthehub.com/WebStore/Welcome.aspx?ws=e3c2bd04-0ca8-e511-9413-b8ca3a5db7a1"
	}
]