[
	{
		"CountryIsoAlpha2Code": "US",
		"CountryIsoAlpha3Code": "USA",
		"CountryName": "United States",
		"ProvinceName": "Arizona",
		"InstitutionID": "d01e8bb2-3713-e411-9401-b8ca3a5db7a1",
		"OrganizationName": "Scottsdale Community College",
		"SubsectorCode": "education_college_university",
		"ProvinceCode": "AZ",
		"AllowUnauthenticatedBrowsing": true,
		"FriendlyWebStoreUrl": null,
		"ProductMajorVersions": null,
		"WebStoreID": "e41e8bb2-3713-e411-9401-b8ca3a5db7a1",
		"WebStoreName": "Scottsdale Community College - Computer information systems",
		"WebStoreUrl": "https://e5.onthehub.com/WebStore/Welcome.aspx?ws=e41e8bb2-3713-e411-9401-b8ca3a5db7a1"
	},
	{
		"CountryIsoAlpha2Code": "US",
		"CountryIsoAlpha3Code": "USA",
		"CountryName": "United States",
		"ProvinceName": "Arizona",
		"InstitutionID": "5606100a-e176-e111-a407-f04da23e67f6",
		"OrganizationName": "Scottsdale Community College",
		"SubsectorCode": "education_college_university",
		"ProvinceCode": "AZ",
		"AllowUnauthenticatedBrowsing": true,
		"FriendlyWebStoreUrl": null,
		"ProductMajorVersions": null,
		"WebStoreID": "0c2cda19-c327-e411-9403-b8ca3a5db7a1",
		"WebStoreName": "Maricopa Community Colleges",
		"WebStoreUrl": "https://e5.onthehub.com/WebStore/Welcome.aspx?ws=0c2cda19-c327-e411-9403-b8ca3a5db7a1"
	},
	{
		"CountryIsoAlpha2Code": "US",
		"CountryIsoAlpha3Code": "USA",
		"CountryName": "United States",
		"ProvinceName": "Arizona",
		"InstitutionID": "e777c333-bff6-e111-bd05-f04da23e67f6",
		"OrganizationName": "Scottsdale Community College",
		"SubsectorCode": "education_college_university",
		"ProvinceCode": "AZ",
		"AllowUnauthenticatedBrowsing": true,
		"FriendlyWebStoreUrl": null,
		"ProductMajorVersions": null,
		"WebStoreID": "f377c333-bff6-e111-bd05-f04da23e67f6",
		"WebStoreName": "Scottsdale Community College - Computer Information Systems",
		"WebStoreUrl": "https://e5.onthehub.com/WebStore/Welcome.aspx?ws=f377c333-bff6-e111-bd05-f04da23e67f6"
	}
]