[
	{
		"CountryIsoAlpha2Code": "US",
		"CountryIsoAlpha3Code": "USA",
		"CountryName": "United States",
		"ProvinceName": "Arizona",
		"InstitutionID": "c670ff53-8c38-e611-941d-b8ca3a5db7a1",
		"OrganizationName": "Saint Mary's Catholic High School - Phoenix - Campus Store",
		"SubsectorCode": "education_k_12",
		"ProvinceCode": "AZ",
		"AllowUnauthenticatedBrowsing": true,
		"FriendlyWebStoreUrl": null,
		"ProductMajorVersions": null,
		"WebStoreID": "d470ff53-8c38-e611-941d-b8ca3a5db7a1",
		"WebStoreName": "Saint Mary's Catholic High School - Phoenix",
		"WebStoreUrl": "https://e5.onthehub.com/WebStore/Welcome.aspx?ws=d470ff53-8c38-e611-941d-b8ca3a5db7a1"
	}
]