[
	{
		"CountryIsoAlpha2Code": "US",
		"CountryIsoAlpha3Code": "USA",
		"CountryName": "United States",
		"ProvinceName": "Arizona",
		"InstitutionID": "c89a0476-76a9-e311-93fb-b8ca3a5db7a1",
		"OrganizationName": "Mohave Community College",
		"SubsectorCode": "education_college_university",
		"ProvinceCode": "AZ",
		"AllowUnauthenticatedBrowsing": true,
		"FriendlyWebStoreUrl": null,
		"ProductMajorVersions": null,
		"WebStoreID": "496cfc7b-76a9-e311-93fb-b8ca3a5db7a1",
		"WebStoreName": "Mohave Community College",
		"WebStoreUrl": "https://e5.onthehub.com/WebStore/Welcome.aspx?ws=496cfc7b-76a9-e311-93fb-b8ca3a5db7a1"
	}
]