[
	{
		"CountryIsoAlpha2Code": "US",
		"CountryIsoAlpha3Code": "USA",
		"CountryName": "United States",
		"ProvinceName": "Arizona",
		"InstitutionID": "c9e7de08-26d8-e111-9c76-f04da23fc522",
		"OrganizationName": "Pendergast Elementary School District",
		"SubsectorCode": "education_k_12",
		"ProvinceCode": "AZ",
		"AllowUnauthenticatedBrowsing": true,
		"FriendlyWebStoreUrl": null,
		"ProductMajorVersions": null,
		"WebStoreID": "fd5790de-b9ef-e611-9426-b8ca3a5db7a1",
		"WebStoreName": "Pendergast Elementary School District",
		"WebStoreUrl": "https://e5.onthehub.com/WebStore/Welcome.aspx?ws=fd5790de-b9ef-e611-9426-b8ca3a5db7a1"
	},
	{
		"CountryIsoAlpha2Code": "US",
		"CountryIsoAlpha3Code": "USA",
		"CountryName": "United States",
		"ProvinceName": "Arizona",
		"InstitutionID": "c1bd84e4-41b9-e111-ad8d-f04da23e67f6",
		"OrganizationName": "Pendergast Elementary School District",
		"SubsectorCode": "education_k_12",
		"ProvinceCode": "AZ",
		"AllowUnauthenticatedBrowsing": true,
		"FriendlyWebStoreUrl": null,
		"ProductMajorVersions": null,
		"WebStoreID": "d6e5fd96-48b9-e111-ad8d-f04da23e67f6",
		"WebStoreName": "Elementary and High School Teacher Discounts on Microsoft Office and Windows",
		"WebStoreUrl": "https://e5.onthehub.com/WebStore/Welcome.aspx?ws=d6e5fd96-48b9-e111-ad8d-f04da23e67f6"
	}
]