[
	{
		"CountryIsoAlpha2Code": "US",
		"CountryIsoAlpha3Code": "USA",
		"CountryName": "United States",
		"ProvinceName": "Arizona",
		"InstitutionID": "6724a197-aece-e511-9416-b8ca3a5db7a1",
		"OrganizationName": "Paideia Academy South Phoenix",
		"SubsectorCode": "education_k_12",
		"ProvinceCode": "AZ",
		"AllowUnauthenticatedBrowsing": true,
		"FriendlyWebStoreUrl": null,
		"ProductMajorVersions": null,
		"WebStoreID": "7524a197-aece-e511-9416-b8ca3a5db7a1",
		"WebStoreName": "Paideia Academy South Phoenix - Technology",
		"WebStoreUrl": "https://e5.onthehub.com/WebStore/Welcome.aspx?ws=7524a197-aece-e511-9416-b8ca3a5db7a1"
	}
]