[
	{
		"CountryIsoAlpha2Code": "US",
		"CountryIsoAlpha3Code": "USA",
		"CountryName": "United States",
		"ProvinceName": "Arizona",
		"InstitutionID": "e60c7bdc-6c48-427d-bbf5-b2b749285f4a",
		"OrganizationName": "Scottsdale Unified School District",
		"SubsectorCode": "education_k_12",
		"ProvinceCode": "AZ",
		"AllowUnauthenticatedBrowsing": true,
		"FriendlyWebStoreUrl": "http://susd.onthehub.com",
		"ProductMajorVersions": null,
		"WebStoreID": "a9ed0305-8c3c-dd11-abb7-0030485a6b08",
		"WebStoreName": "Scottsdale Unified School District",
		"WebStoreUrl": "https://e5.onthehub.com/WebStore/Welcome.aspx?ws=a9ed0305-8c3c-dd11-abb7-0030485a6b08"
	}
]