[
	{
		"CountryIsoAlpha2Code": "US",
		"CountryIsoAlpha3Code": "USA",
		"CountryName": "United States",
		"ProvinceName": "Arizona",
		"InstitutionID": "f5398c80-a7df-db11-9b6e-0010c6cb78ad",
		"OrganizationName": "Prescott College",
		"SubsectorCode": "education_college_university",
		"ProvinceCode": "AZ",
		"AllowUnauthenticatedBrowsing": true,
		"FriendlyWebStoreUrl": null,
		"ProductMajorVersions": null,
		"WebStoreID": "f400c0cb-08c1-e411-940a-b8ca3a5db7a1",
		"WebStoreName": "Prescott College",
		"WebStoreUrl": "https://e5.onthehub.com/WebStore/Welcome.aspx?ws=f400c0cb-08c1-e411-940a-b8ca3a5db7a1"
	}
]