[
	{
		"CountryIsoAlpha2Code": "US",
		"CountryIsoAlpha3Code": "USA",
		"CountryName": "United States",
		"ProvinceName": "Arizona",
		"InstitutionID": "bbe18530-86da-4e7e-a47d-54cca6094a26",
		"OrganizationName": "Saddle Mountain Unified School district 90",
		"SubsectorCode": "education_k_12",
		"ProvinceCode": "AZ",
		"AllowUnauthenticatedBrowsing": true,
		"FriendlyWebStoreUrl": "http://tcpn.arizona.onthehub.com",
		"ProductMajorVersions": null,
		"WebStoreID": "a398b76b-aefc-db11-b8b4-0030485a6b08",
		"WebStoreName": "The Cooperative Purchasing Network - Arizona",
		"WebStoreUrl": "https://e5.onthehub.com/WebStore/Welcome.aspx?ws=a398b76b-aefc-db11-b8b4-0030485a6b08"
	},
	{
		"CountryIsoAlpha2Code": "US",
		"CountryIsoAlpha3Code": "USA",
		"CountryName": "United States",
		"ProvinceName": "Arizona",
		"InstitutionID": "fc20bb54-6bfd-db11-b8b4-0030485a6b08",
		"OrganizationName": "Saddle Mountain Unified School district 90",
		"SubsectorCode": "education_k_12",
		"ProvinceCode": "AZ",
		"AllowUnauthenticatedBrowsing": true,
		"FriendlyWebStoreUrl": null,
		"ProductMajorVersions": null,
		"WebStoreID": "e9fa81af-69fe-e411-940c-b8ca3a5db7a1",
		"WebStoreName": "Saddle Mountain USD 90",
		"WebStoreUrl": "https://e5.onthehub.com/WebStore/Welcome.aspx?ws=e9fa81af-69fe-e411-940c-b8ca3a5db7a1"
	}
]