[
	{
		"CountryIsoAlpha2Code": "US",
		"CountryIsoAlpha3Code": "USA",
		"CountryName": "United States",
		"ProvinceName": "Arizona",
		"InstitutionID": "bbe18530-86da-4e7e-a47d-54cca6094a26",
		"OrganizationName": "Tempe Union High School District 213",
		"SubsectorCode": "education_k_12",
		"ProvinceCode": "AZ",
		"AllowUnauthenticatedBrowsing": true,
		"FriendlyWebStoreUrl": "http://tcpn.arizona.onthehub.com",
		"ProductMajorVersions": null,
		"WebStoreID": "a398b76b-aefc-db11-b8b4-0030485a6b08",
		"WebStoreName": "The Cooperative Purchasing Network - Arizona",
		"WebStoreUrl": "https://e5.onthehub.com/WebStore/Welcome.aspx?ws=a398b76b-aefc-db11-b8b4-0030485a6b08"
	},
	{
		"CountryIsoAlpha2Code": "US",
		"CountryIsoAlpha3Code": "USA",
		"CountryName": "United States",
		"ProvinceName": "Arizona",
		"InstitutionID": "ff20bb54-6bfd-db11-b8b4-0030485a6b08",
		"OrganizationName": "Tempe Union High School District 213",
		"SubsectorCode": "education_k_12",
		"ProvinceCode": "AZ",
		"AllowUnauthenticatedBrowsing": true,
		"FriendlyWebStoreUrl": "http://tempeunion.onthehub.com",
		"ProductMajorVersions": null,
		"WebStoreID": "01ebb15b-d6d2-e211-9d05-f04da23e67f4",
		"WebStoreName": "Tempe Union High School District",
		"WebStoreUrl": "https://e5.onthehub.com/WebStore/Welcome.aspx?ws=01ebb15b-d6d2-e211-9d05-f04da23e67f4"
	}
]